session_id,probe,behavior,side,pass_ephys_qc,Note,raw_data,sorted,sorted_old,sorted_opto_curation,sorted_curated,sorted_opto_bandpass,sorted_opto_highpass_curation,model_stan
ecephys_713854_2024-03-05_12-01-40,2,0,-1,1,,225e3d34-59cd-4980-9c29-fe6b14b15f8b,ed93e6c6-a6fb-4794-a3d5-8a0de1d98c2d,fe4a3c7c-1bdb-4067-b169-810f2b665829,091d54af-1f80-4621-b33f-87f95f269dcb,cf531550-7cee-4e01-a073-ad1d0086985f,,,
ecephys_713854_2024-03-05_13-01-09,2,0,1,1,,4aab417c-f682-4bd2-9b70-5fc0879c2781,f91c4e44-e88e-47b0-ae50-e8a1100a11ea,e36768e5-3825-43f8-b01b-cc6a2e69f1d7,7e59b38e-c6d1-4ae4-8ba9-8949a66ea027,c30c8a5b-3dff-4c18-bda9-7b9b61def44e,,,
ecephys_713854_2024-03-05_13-31-20,2,0,1,1,,da3489a9-8f1a-4750-9b25-a8a3300ee715,378152f4-3879-488d-a294-4a4cd289e8a4,85305a5f-6248-49bc-8df9-ac8d43b7fd7a,81368013-4eda-4bff-b5a5-5af04aa71c7a,83cd992b-c9e8-4600-9524-612aad4bff16,,,
ecephys_717120_2024-03-06_12-23-53,2,0,-1,1,,d1eac2fa-52ee-4510-8861-7f93078e2fd7,ac62c59d-3f69-4095-a9f3-70d564f56471,63c046e9-cb80-4289-afd0-9c1d1e033397,907ba6c9-993c-4450-98a7-e6d414f36ed3,e1d1495d-4307-4f59-b40f-65ea758a494f,,,
ecephys_717120_2024-03-06_12-54-27,2,0,-1,1,,eef4683c-0606-4761-a8b0-9cfaaaa99f9b,fab81e6a-a0f2-4771-98a0-b2a2f0639f69,8be983d2-522a-4295-bc3e-e3be81b57f48,db7066e4-6e1b-48d0-a00a-5c2c27986e99,afee6e8e-fd2a-4929-bd21-943229000c62,,,
ecephys_717120_2024-03-07_12-12-02,2,0,-1,1,,85335686-ef59-49d6-8316-6245341fde15,2f9b8826-f653-43a7-a617-13caf69114b2,01f1646e-9d95-48fe-b391-d50cd58376bd,6f3734c3-72b0-46a7-a46f-1b6eaffe71ef,6162793d-6185-456c-b2cb-a38f23f07bce,,,
ecephys_713854_2024-03-08_14-54-25,2,0,1,1,,ee0c6b17-8d70-460d-99f3-806fef653fdb,2e4b5d6b-cb06-4fe3-8b55-c3ab67d8682b,2e4b5d6b-cb06-4fe3-8b55-c3ab67d8682b,e195008f-70fa-4128-a36b-9605905aca66,c32a4c83-b553-42f1-8a10-ee55c5e3e0c4,,,
ecephys_713854_2024-03-08_15-43-01,2,0,1,1,,407bef32-d1af-4c1e-843a-eafd3549e761,3cb3978b-a7d4-49ec-bc7e-8add72513bb6,cd21ed1f-99c7-49c5-ae37-7a4fe67900e0,cd0f10f8-0b38-4105-8907-3c4c79f33f92,c9035fb1-1ed6-4bc4-aa16-7365cbf1a99b,,,
ecephys_713854_2024-03-08_16-20-33,2,0,1,1,,b3b7f2af-1f45-4ffa-a974-9f0474b975be,c24029b2-fd14-46f1-ae6f-d0c1eb60273c,0f91d163-6ded-4b28-88a5-7c001eff06e5,d0ff9026-5cbf-4f39-938c-5221afb0f841,16477e2a-901e-426a-a01b-ef14c8705dd6,,,
ecephys_713854_2024-03-08_17-15-58,2,0,1,1,,ccad74ef-5221-4bd6-81fb-a449128dce84,550e5060-51e8-4126-933a-ad34db09c9c0,550e5060-51e8-4126-933a-ad34db09c9c0,245a6da9-94ab-4ef6-a42c-9811d3b52423,4f36eadc-b2f7-4c43-9dfc-237bb385c709,,,
ecephys_684930_2023-09-27_10-04-04,opto,0,1,1,,e401352f-0e1e-4099-bf3c-951888158088,5db7878a-4db1-4039-b857-07504e38aaeb,5119fcc0-0cbc-4d21-ba5d-7846bd6b8db9,36f97fd9-9478-403d-879e-a3276bb74043,f2761e13-561d-444b-8e77-359116d5d09a,,,
ecephys_684930_2023-09-28_11-45-27,opto,0,-1,1,,c48aa4c6-b48f-42ed-8558-939e11d688fa,d8c28096-b14a-4333-8d70-adb561c088a4,dded6804-2f87-4b6d-b8d8-190662123553,4183722a-d001-4b5f-86a6-bffd52527249,7cd79a18-a54a-4087-9c84-639ad19554f9,,,
ecephys_684930_2023-09-28_12-44-15,opto,0,1,1,,9a6808d8-8c28-4b99-a376-ecd25125c020,603bf868-2159-4f74-9aee-e0a54d3da46b,2a8fb0ca-f08d-498b-b2a1-2b2a288ea20c,27ae54e7-6e71-4007-846a-80c47c135274,dc4c3a93-7f31-40cf-843c-c451e28021c4,,,
ecephys_687697_2023-09-15_11-30-06,opto,0,1,1,,4699a15c-c8a7-47ab-b288-2a5768530d16,9d32722c-265d-49c2-90c9-567590ed110a,3cdaf204-a5b0-40b9-84f4-8d97a2e4c5e7,3aaf7dda-70b0-4b34-b23d-731ec93afe4e,20cafef6-5c97-442d-a111-23f8a67449be,,,
ecephys_687697_2023-09-15_12-36-06,opto,0,1,1,,54ba9609-c8c6-4fc5-a484-0864d01aac26,6ead8519-1ac1-4fff-b0ce-b1a9e14f6959,30221e5e-c98d-4eef-b916-bf3778e70e45,aed2d125-116f-4b8a-a794-c5a1298c6a1a,2fcec39f-a09e-45eb-91c4-986d17a62308,,,
ecephys_691893_2023-10-05_12-46-57,opto,0,1,1,,9f28122b-1f5c-4541-b45f-5f6b1a85439a,8ef617f7-59b3-4a4f-8397-f29399ea8697,e89c353b-9676-4568-a676-da0cff2fa072,442f4808-2a7b-4fa2-8c73-209650d87d86,249b888b-d680-428a-a407-ce6e6b514878,,,
ecephys_691893_2023-10-06_13-48-18,opto,0,1,1,,a4ae799c-a9ef-4c3a-a8c4-4a3351ee2998,1912fa41-afe7-43a9-aff3-8b505bd4fc9b,e02f026a-c5d9-4d26-bc71-9268f6c4d5d6,23b329ff-b40b-4f31-b7e0-3177b6c61555,25f241fa-7ed6-4641-b032-72eead5819bd,,,
behavior_716325_2024-05-29_10-33-32,2,1,1,,,8eda219a-7e5e-499c-b3d6-d6b1c4012beb,c3d9b46b-fbdb-4e54-8414-6bbc6d912b1f,,,,,,d647e1b6-7bc9-478f-ab0c-24d349d087af
behavior_716325_2024-05-30_11-33-46,2,1,1,,,6df5d1fa-16bf-407d-961d-3515046271a0,bc671ca5-3665-46fb-92ca-ff946a6dffc8,,,,,,d647e1b6-7bc9-478f-ab0c-24d349d087af
behavior_716325_2024-05-31_10-31-14,2,1,-1,1,,2d28ccd9-48ab-429e-92ef-7723135ee306,908c91c4-294d-48fc-893f-6b2a7bb3e34d,,f0810b1a-3b23-450a-9ac7-ddf64d79520b,2d2014c0-d616-4381-8ca3-be516b028960,88148836-0e30-4d43-acd5-1a6f79347dea,8b2549e6-e396-49fd-9dff-11136925d51b,d647e1b6-7bc9-478f-ab0c-24d349d087af
behavior_716325_2024-06-01_09-25-37,2,1,1,,,77289b98-7be2-4603-9d96-57b0bffaad72,e1ec4626-d2b2-4bab-8997-4af2fd14236c,,,,,,d647e1b6-7bc9-478f-ab0c-24d349d087af
behavior_717121_2024-06-11_10-23-31,2,1,-1,,,bc66b8bc-3ed0-44b2-89a0-9ee97cc2e461,ca3d59d6-ca49-4751-ad53-078371a7f7dc,,,,,,02de20a5-f81b-4fcc-92b0-9ec386807ac9
behavior_717121_2024-06-13_12-21-20,2,1,-1,, ,b39e7acd-a307-400e-a69e-ef8bf5bcf678,a9bbf452-2147-4655-80eb-4ca4d139a226,,,,,,02de20a5-f81b-4fcc-92b0-9ec386807ac9
behavior_717121_2024-06-14_10-23-49,2,1,-1,,"Unit, Okay behavior w/ autowater, Stage 4 (reward delay 0.15)",c1caaa8d-88dc-4913-9ccf-aa27058dad1e,2ad859c4-0130-4417-8a1f-e36eb984b007,,,,,,02de20a5-f81b-4fcc-92b0-9ec386807ac9
behavior_717121_2024-06-15_10-00-58,2,1,-1,1,"Good behavior, Good recording",f7ceca5c-5010-4436-8a91-b0c780b04fd8,bb483e32-6421-47fc-8ee9-4262e75f143c,,d1d9253a-9a0d-485f-bfcc-6f82f78d355d,ef655576-ed2a-4101-a6bb-8bedf7ec8138,c655b7e6-9a12-4a7a-a777-2a099e0239ec,,02de20a5-f81b-4fcc-92b0-9ec386807ac9
behavior_717121_2024-06-16_11-45-02,2,1,-1,,"Biased behavior to Right, Good recording",1d35ce28-933f-40ae-9595-6bf01edc3e99,06bfe90d-35a8-46c3-8b27-a9821dade4f2,,,,,,02de20a5-f81b-4fcc-92b0-9ec386807ac9
behavior_717259_2024-06-25_10-09-25,2,1,-1,,,dac33b44-8c5d-42b9-bc1f-aa9850f7823e,421e6c10-3e6c-4739-a9bd-3aac850f3c11,,,,,,
behavior_717259_2024-06-26_10-23-07,2,1,-1,,Good recording,b9dc5ad8-5a67-4230-8203-6ed1a6e3ddb7,302cc929-7eed-4077-81e6-830a387c4faf,,,,,,
behavior_717259_2024-06-28_11-17-19,2,1,1,,"Good behavior, Good recording,Good behavior, recording too drifty, two major drifts, maybe worth it?",db4920d5-d51c-4fa4-b4c7-564478119b28,286ebf43-b05d-48fe-b751-b49f51612ead,,,,,,
behavior_717263_2024-07-23_11-46-42,2,1,-1,,No harp sync; Short behavior; behavior was not good;,6a418380-5297-4960-827f-6c8ed34ba0e0,81304b47-5519-4181-bd48-4ac011bad867,,,,,,
behavior_717263_2024-07-24_10-40-05,2,1,-1,,"Good recording; Okay behavior (left biased a bit); Big drifts in recording, not correctable.",4463cb73-dc7d-4f58-9736-17448d7ea4b6,b9b0909f-938d-4ca9-a02d-e723d9ed4b6f,,,,,,
behavior_717263_2024-07-25_10-02-21,2,1,-1,,Good recording; Bad behavior (left biased a bit and lots of ignored trials);,301d22a1-e9ba-467a-9dda-6d1cb5c0e26d,284c0873-ca42-4ba8-844a-65282bc7bb6d,,,,,,
behavior_714116_2024-08-27_11-29-48,2,1,-1,,"Good recording, Okay behavior (low motivation, a couple of manual reward)",f927eca0-ea24-4b6b-95f2-36ab2df5af65,6bb04854-4d64-44c6-b1b3-c87dc26bdc1b,,,,,,
behavior_714116_2024-08-28_12-11-55,2,1,-1,,"Good recording, Bad behavior (many ignored trials), can be used for antirdomic stim data.",8c6f6dc0-ab81-45cc-bf5d-83bc7b80c815,e6fc5a41-34ca-418b-acf9-2d215db973de,,,,,,
behavior_714116_2024-08-29_11-46-43,2,1,-1,,"OK recording, Okay behavior (low motivation, a couple of manual reward)",968b9a8e-b85c-46d0-aabc-4c7a5eff4a03,17acbbc8-35e6-499d-b27f-1a21812f4070,,,,,,
behavior_722832_2024-09-13_11-55-58,2,1,-1,,"No harp sync, good behavior, quick drifts of recording.",8ed55fb2-3843-4140-82c0-d6307bc69139,88af23e7-ebd4-45a9-bac7-35ce7d23baec,,,,,,
behavior_724172_2024-10-01_11-20-11,2,1,-1,,"Almost no good behavior. Fast drift in ephys, not correctable.",3f340001-2d45-47ed-be8f-f7194ec829b0,0be05e63-c599-44df-8616-55517cc0b112,,,,                ,,
behavior_724172_2024-10-03_11-02-53,2,1,-1,,"Almost no good behavior. check tagged neurons for stability and plot behavior in time. Fast drift in ephys, not correctable ",d361568a-9315-460e-9a48-59fa0f5cbf9b,8c98cfb6-e73a-4f35-bbdc-441af39639cc,,,,,,
behavior_739970_2024-10-15_10-04-12,2,1,-1,,"Behavior OK; Two recording sessions (need to be combined) before uploading, need to be sorted",b6798f3a-c01b-4b60-9ae0-fbcbf04d0aca,490303d7-a5d3-47ee-af11-51d1e548790b,,,,,,
behavior_739970_2024-10-16_12-15-24,2,1,-1,,"Maybe OK behavior. Fast drift in ephys, not correctable",9017cd0f-bfa0-4489-b4a1-85e27fc99a3f,800a28ac-58ac-4e48-bb9b-432a1b520c95,,,,,,
behavior_739977_2024-10-24_12-58-26,2,1,0,,"Opto, Maybe usable behavior. Fast drift in ephys. ",18dbd90f-b08c-4e47-bef5-1d2c67198958,d9eaeba6-b30e-4f1a-893a-a44ab436a631,,,,,,
behavior_744779_2024-11-12_13-10-14,2,1,0,,"Short behavior <300 trials; opto units Ch ~34; Lick artifacts; Low frequency and low amplitude settion lickety split. Lick noise, not uploaded",,,,,,,,
behavior_744779_2024-11-13_13-35-38,2,1,0,,"Short behavior <300 trials; opto units Ch ~34; Lick artifacts; Low frequency and low amplitude settion lickety split. Lick noise, not uploaded",,,,,,,,
behavior_744779_2024-11-14_13-13-37,2,1,0,,Short behavior <300 trials; opto units Ch ~34; Lick artifacts; Low frequency and low amplitude settion lickety split. Lick noise,,0c897d50-b569-45f7-b002-8c6e5711774d,,,,,,
behavior_744779_2024-11-15_12-54-11,2,1,0,,"Lick noise, not uploaded",f2029505-5cc9-4889-9bd6-5d80d4d6079a,,,,,,,
behavior_751004_2024-12-19_11-50-37,2,1,-1,1,Audio sync cable was connected in the middle of the session. Videos are not synced. A lot of small jumps.,6a79f315-8bea-4100-a20d-f049537619af,f2879d04-4e08-4379-8d5b-bd79779a589c,,80f0d1c2-a84c-4e56-a852-8faab049ace2,cb1c4efd-f6bc-416f-b38b-2eef13acce70,,,dee86390-9e3d-47d8-8b3c-dfc6c1172596
behavior_751004_2024-12-20_13-26-11,2,1,1,1,"Good behavior, Good recording, videos are synced, major drift at the end",04f9127c-c844-4d22-b1af-3864dc6dc8b4,74894e74-9057-45bb-a318-1dfaa28f38a8,,8afce494-2004-4f60-b519-21638b1b0fe0,0e3b90ea-061a-414d-ad46-d4a49e014037,,,dee86390-9e3d-47d8-8b3c-dfc6c1172596
behavior_751004_2024-12-21_13-28-28,2,1,1,1,"Good behavior (Slightly left biased), Good recording, videos are synced, major drift at the end",019cab81-ad4e-45e7-ba9b-8dac12480323,ba67f1a1-44a7-4f99-8a4d-13a64cd9f0e8,,24c5da39-c065-4cb5-8f16-3e1416829ad6,e41d6b2a-8cfd-4fa7-b96b-5fb089d3e8eb,,,dee86390-9e3d-47d8-8b3c-dfc6c1172596
behavior_751004_2024-12-22_13-09-17,2,1,-1,1,"Good behavior, Good recording, videos are synced major drift at the end",1d0ed8bd-6b36-4c19-a8a4-dcb757abba8b,bc6b4df0-83db-4ba5-aa53-9596fa5a318e,,5d8d79ea-9c6b-4bd4-93f0-99670fd08b5e,773d43dc-7f5a-4830-b490-aae48b305cb8,,,dee86390-9e3d-47d8-8b3c-dfc6c1172596
behavior_751004_2024-12-23_14-20-03,2,1,-1,1,"Left biased behavior, Good recording, videos are synced, drift only at the end",414a1912-d365-465a-83e0-f613c95c0c70,244fcaa9-14dd-4a0b-bd29-32cf6ef6faf2,,1f28a1ac-7d93-49e1-9ecc-c9b304ac8f83,8ae61d7d-0e8b-4ba7-9aa2-dddceff8a829,,,dee86390-9e3d-47d8-8b3c-dfc6c1172596
behavior_751769_2025-01-16_11-32-05,2,1,1,1,,e08f98e9-7319-4aa1-993e-e28e69604f5b,a19ec68a-a660-44f2-a181-15c91794cbd2,,c3b1ac16-070f-41d2-9093-7be8e5061ecb,3c454c46-7892-431d-a22e-a6a3785fb0c8,,,d0cf7f76-a4df-4c57-81cb-f7f0db0fee44
behavior_751769_2025-01-17_11-37-39,2,1,-1,1,,a4dae472-9a9b-4bd7-a920-9691a69869dc,2386f052-aeea-4834-8f82-ac87015b5e40,,957e3598-1fae-4050-add6-2544a2e31f5d,5f7d9916-2ab0-492b-bb45-302e0390d704,,,d0cf7f76-a4df-4c57-81cb-f7f0db0fee44
behavior_751769_2025-01-18_10-15-25,2,1,-1,1,,5a341fc5-eb96-4f7d-9de5-99a99a41a83b,f314f755-6e4a-419e-b0c5-ea65b9d026af,,0f6bfc98-db8f-4a9f-8e16-aa5c18610a1d,b0b09852-73fd-4cf5-a85e-c8f0fcd596b3,,,d0cf7f76-a4df-4c57-81cb-f7f0db0fee44
behavior_758017_2025-02-04_11-57-38,2,1,-1,1,,75f7920a-17c9-4e0c-8259-aee69e0544b2,6a851057-6523-446c-8108-e57924bdca92,,f11b62e9-9ecb-441b-97ba-a7daa92e8060,c22f4d4e-12aa-4ad1-82ed-1301c279c270, ,,31745c8b-8315-4ead-bc29-7ef7cbf06255
behavior_758017_2025-02-05_11-42-34,2,1,1,1,,b4263e0d-c566-440e-9f82-f617b46adcd4,866eb30b-9f08-49f2-89ab-9c9c452532e9,,af56b78e-c68e-4348-9634-a97df05c2687,25c90e73-2455-490b-a58b-9a354c37244e,,,31745c8b-8315-4ead-bc29-7ef7cbf06255
behavior_758017_2025-02-06_11-26-14,2,1,1,1,,a87270c0-16f7-4f7d-b086-1c9feacb00fc,732b9a07-96b3-47ab-bb27-9cbc9a2303e2,,342caf28-710d-486c-ae78-20ead00c5f41,1c147ab8-4465-4684-bc58-448f9ba6a7aa,,,31745c8b-8315-4ead-bc29-7ef7cbf06255
behavior_758017_2025-02-07_14-11-08,2,1,-1,1,,80bed534-acda-40c9-b5a7-afba77b3e8d0,e00a7170-942e-45b0-888d-895c45fe538f,,f47a249c-dc79-45dd-beae-d2f2bb180ba2,1a1d2f68-72a5-4b62-acab-41dfd94f9b7f,,,31745c8b-8315-4ead-bc29-7ef7cbf06255
behavior_751766_2025-02-11_11-53-38,2,1,-1,1,,1c088c3b-9448-4154-8fa2-11951c98cd35,8b40b587-af04-48fa-b515-01384778619a,,51349876-5ce5-4d17-ab30-0b475e6aa700,1cc50ea6-a47a-4385-a1f6-0c7a435d5f78,,,859b3594-1518-4067-92be-5de9665cb318
behavior_751766_2025-02-13_11-31-21,2,1,1,1,,e9b33712-d39e-41d1-af69-5913f9d17250,7ff07579-6598-4331-96f0-5edde32bb904,,e9b97d5a-79a6-4565-8008-6ba1e044b412,3253d0d2-7b36-4587-8926-8a97a32b8579,,,859b3594-1518-4067-92be-5de9665cb318
behavior_751766_2025-02-14_11-37-11,2,1,1,1,,15579857-ae7f-4621-ab7d-17eb65144e10,33df9c9a-382b-4692-ae49-28b87d5863f4,,8e4c2549-0957-4815-b517-e3dc42e2a339,aa75deb4-3218-4575-bdda-4ecc79791998,,,859b3594-1518-4067-92be-5de9665cb318
behavior_751766_2025-02-15_12-08-11,2,1,-1,1,doesn't sort,c235d536-a2c0-443c-bb79-a7f613b210be,5d467871-68ec-494b-8df8-653ae21c42f6,,, ,,,859b3594-1518-4067-92be-5de9665cb318
behavior_751181_2025-02-25_12-12-35,2,1,-1,1,,15ea1711-625b-4e3f-887e-589e03fc7ebc,6488efdd-ba29-4dca-b040-389e8566e917,,232fd159-5ef9-443e-89ab-be9c15782e9c,d4a291cd-4476-403e-8b0c-98db33114ff4,,,dfdaf212-c8e4-46c7-b11d-1109ea60a9d4
behavior_751181_2025-02-26_11-51-19,2,1,-1,1,,1ce38424-f3cd-434c-b0af-18d3d0179cf1,bde95604-9cb4-4e1d-ae90-fc76dcc69ce4,,003df6ec-8e83-4628-ba67-a2751583c896,763a150e-434f-4039-a1b5-e0dcfe2ea982,,,dfdaf212-c8e4-46c7-b11d-1109ea60a9d4
behavior_751181_2025-02-27_11-24-47,2,1,1,1,,c3a218ea-bea0-4ba5-9a95-4b8353340cad,ad291c3a-bf5e-4d03-af52-e59d0b183538,,a701b4e0-9560-4e45-85b2-6b12187c0ab9,d330c095-44b6-43bf-bf8e-eaf435bea9e9,,,dfdaf212-c8e4-46c7-b11d-1109ea60a9d4
behavior_754897_2025-03-11_12-07-41,2,1,1,1,,f360b4fd-88d5-4676-9770-5a3e94becc1d,fc77e40e-8fa8-4bd5-8eb3-c73fbad43713,,8c0ae35d-de0a-4f95-9a1f-dbe70ddf6f89,1da236da-42f7-4afe-ab91-0721fbb77520,,,0a5316fd-b550-41e4-b9e9-aa6ec9f3e4f6
behavior_754897_2025-03-12_12-23-15,2,1,1,1,,2a63da4e-76c0-4c80-96c7-1b4c5ded8a9a,1d12617d-ff74-4ae3-a4b6-2bc9f0ddf3b5,,572dfc90-99c9-4f02-83ac-b3d0b59b1309,a13b3a48-8875-4499-b936-fce9a9e87342,,,0a5316fd-b550-41e4-b9e9-aa6ec9f3e4f6
behavior_754897_2025-03-13_11-20-42,2,1,-1,1,,1e17e013-6f32-4edd-abcf-76eef426b892,ea416d7f-402d-4002-8fb7-b1dd9b35f4b4,,05844c6c-2c84-42bd-b514-2ff4eb27aa7c,e60c936f-b0fb-4927-802c-7623603bdcf3,,,0a5316fd-b550-41e4-b9e9-aa6ec9f3e4f6
behavior_754897_2025-03-14_11-28-53,2,1,-1,1,,b7f13908-a11c-4199-a005-4d862e3543e4,0a99592d-8ea2-471d-afbe-f603aefa2d14,,8c3b7c5d-b664-4618-a4b6-d69fee2dbe1d,d7f12dd6-f690-400e-995d-a9b01da3fd5e,,,0a5316fd-b550-41e4-b9e9-aa6ec9f3e4f6
behavior_754897_2025-03-15_11-32-18,2,1,-1,1,,acaf180c-2f72-4408-955f-edb2e21f087d,847b19ba-f8a8-4339-88ba-2b8306acf3a2,,91ccc128-22e0-4631-bfc5-b5796d04b650,f54397ec-f68f-446f-9eb6-7775273945eb,,,0a5316fd-b550-41e4-b9e9-aa6ec9f3e4f6
behavior_758018_2025-03-19_11-16-44,2,1,-1,1,,324242e3-dab2-458e-b863-f828782e21c1,5ec21b20-6a4d-43a3-ab97-fa513e04135f,,fd19cc0e-f684-47c8-b751-06b9ba0d2f11,cb6f25c5-675b-4f4a-a8f3-b6eeb5be6ac3,,,6c17ad84-08da-43d0-be14-37424b744ce4
behavior_758018_2025-03-20_11-53-05,2,1,1,1,,e359bdb0-95e5-4bcc-a251-4166d9a794ef,f83a6f65-43d5-411d-a5d5-bd619be9a471,,cba99eca-a192-4955-9a3f-215613054d2d,bbaf2923-5406-48f7-8ca5-edc1805a8c37,,,6c17ad84-08da-43d0-be14-37424b744ce4
behavior_758018_2025-03-21_11-00-34,2,1,1,1,,81a65bd6-2fb5-4e92-b5f2-5f107f64b66e,2df57944-a8f7-497f-9856-69ee0a86000f,,424c5dcf-6136-4a80-bab5-39b0fa2e9487,f7daeae3-a1bc-46a7-a2bf-cafda9d16584,,,6c17ad84-08da-43d0-be14-37424b744ce4
behavior_752014_2025-03-25_12-09-20,2,1,-1,1,,a51c6d11-c613-4d43-a392-0ece255e5c5a,600cd517-3fd4-45fa-86c6-f6a31c885559,,95fd2c20-894c-410a-8d4d-97a3c0562fa7,ecf1cecd-49d1-4170-9aaf-1aaac99c53ad,,,0451326b-c2f5-44d6-acfd-549ebf8ba85b
behavior_752014_2025-03-26_11-18-57,2,1,-1,1,,adaef4d0-b0d8-494e-a42e-ccdb5dad4312,634e80f4-4cbd-4174-932b-e820d20bec5b,,69a1ca1a-ae87-4db0-a80a-7aee4838aab3,63aa59f2-0944-4f1f-aa84-7cad8904fc8f,,,0451326b-c2f5-44d6-acfd-549ebf8ba85b
behavior_752014_2025-03-27_12-03-59,2,1,1,1,,c8d71ede-4701-4600-8e67-ac4b97bc7fff,95795eaf-6834-4e5f-bd56-3471f6979a20,,0166abfd-4d6d-4a57-b4e1-6c29d09e6a6e,aa088596-dd34-40fc-846d-48d10b3da29f,,,0451326b-c2f5-44d6-acfd-549ebf8ba85b
behavior_752014_2025-03-28_11-04-59,2,1,1,1,,8bcb9868-218e-44e8-8e74-76b640e84427,21257274-e4a2-411f-89a1-9ab7dd2620f5,,51a72298-ee2c-4a42-aaa7-34309e09c11b,14df166c-26ea-456f-8cf9-511197168121,,,0451326b-c2f5-44d6-acfd-549ebf8ba85b
behavior_761038_2025-04-15_10-25-11,2,1,-1,1,,9f16e692-291d-4d05-a1d2-fea4b0cc46de,6ddb6682-f280-45c1-8605-ace67855222b,,0e6e742d-6ad8-4bb7-9b53-8aa4b02d6ef7,17f5047e-a8ed-4013-a04b-ef0c49c8ef2d,,,1ed9b960-fb72-4b0a-8d08-12e0a287fe2c
behavior_761038_2025-04-16_10-39-10,2,1,-1,1,,9a53dcfe-4285-40e6-a43d-26de6dc8b852,c5863543-1539-43be-8a45-4ee9013082ff,,4e8e5739-e9c3-4389-8da3-213ae3aa3208,ed93897a-7836-4a45-ab53-e14dd9d7a6f8,,,1ed9b960-fb72-4b0a-8d08-12e0a287fe2c
behavior_761038_2025-04-17_11-03-16,2,1,1,1,,cddf0f43-0113-45c0-a075-3627b1f4888f,bbf4f801-73ff-4635-9154-94e76f732c1e,,a8768815-1d64-4dbd-84bd-3a492d2f650b,8fa440d7-9c93-47c2-b4fc-d58d95767d09,,,1ed9b960-fb72-4b0a-8d08-12e0a287fe2c
behavior_761038_2025-04-18_12-37-39,2,1,1,1,,0aedc7e0-83df-46e0-8d2a-197454d263df,b98dfeed-1b98-487c-b269-7a005e9c80fa,,9e512947-d535-47d4-aa6c-5f1dc51a7241,54b84adb-5c02-4769-bc1c-53ec33809cde,,,1ed9b960-fb72-4b0a-8d08-12e0a287fe2c
ecephys_763360_2025-04-15_12-16-29,2,0,-1,1,,4537b183-40ea-4c22-9c0d-45d114814a0c,63e3af6e-ae53-452d-8135-1671ccaba9a5,,e23acb17-fe46-429e-84e0-28263aab50d1,e11acc1e-05d1-43df-9f6a-a3610da8ad2f,,,
ecephys_763360_2025-04-16_13-29-55,2,0,-1,1,,60c6fe35-0d7f-49cb-b15f-c60dae8ce298,b2afafe7-780e-48e0-ab9c-46a1afb4eb06,,a718c840-7546-402e-b2c1-d674e8326446,a45e8594-23d4-48f0-a4a8-e1987fbfc65c,,,
behavior_782394_2025-04-22_10-53-28,2,1,-1,1,Sync error,6fdbbcb0-71e2-4afa-aa19-394b9bd0a3e1,62cf6313-1c28-42e0-b3c3-b6adab53b487,,0e46bda1-ed6e-4cdb-b0f4-862b1004cb94,1ee49688-0442-4059-8a5e-e323cb19554a,,,e9dcfaa7-94e3-4991-9791-b68b49968f45
behavior_782394_2025-04-23_10-51-17,2,1,-1,1,,fd0c45ba-bb86-498c-a9bc-59f6e92d616d,34377757-2150-423a-b2b1-bb6d97553a13,,84870f29-bd8a-4861-ae45-1abdd91168c6,6a39d6ea-39c1-427d-87e4-6e70cd7555da,,,e9dcfaa7-94e3-4991-9791-b68b49968f45
behavior_782394_2025-04-24_12-07-34,2,1,1,1,,0599881b-39f9-4312-9f16-9fac997a0178,7aba816c-c586-40eb-8ac0-002f17dd80f4,,0663e69f-dad7-4255-acb0-109288ec5c47,0c896ba2-542a-46f7-bd62-5ee0892518f2,,,e9dcfaa7-94e3-4991-9791-b68b49968f45
behavior_782394_2025-04-25_11-13-21,2,1,1,1,,2c26eac1-17ff-40eb-badc-25eda92b0de3,847f98da-b0c8-4a17-bf17-fcd39027f992,,b37e570a-0ed9-4058-813b-c17eac18ac04,e47a88fd-6d68-4747-b2ad-cf758650b850,,,e9dcfaa7-94e3-4991-9791-b68b49968f45
behavior_763590_2025-05-01_10-59-18,2,1,-1,1,,7da1cc31-8dd2-4634-8613-3ee3a2f69ca6,e45c0cf4-b7a0-4dec-9e47-7a994ae6c157,,3d93b607-e929-42ec-a622-9cbe58f8d24e,e5883ec4-db96-4719-8471-3694900283d5,,,8643b964-ea0b-490d-95e7-dd73650985a3
behavior_763590_2025-05-02_11-07-09,2,1,-1,1,,b80fbbbe-adca-43af-b382-1ee4b5a5404f,49fc978f-1637-4b24-a182-a4a8cff170aa,,6ee9f53d-d50f-41c1-93af-5eede6a1e6a3,88f28923-3a26-48a3-8286-3bcf8cfa76bd,,,8643b964-ea0b-490d-95e7-dd73650985a3
behavior_781166_2025-05-13_14-04-27,2,1,-1,1,,ce657082-bdc7-494b-830e-8c49c620fe91,6e05ed36-0f2c-477c-beb8-b88e40028328,,d7c40ed4-adc9-4e58-b27f-eb6356d13920,baa90c26-7155-46fe-86b4-1b794273046d,,,d2ca8efe-b796-4a42-9c89-1e5660d0cae8
behavior_781166_2025-05-14_14-18-28,2,1,-1,1,,a94d3d93-96b3-4d5f-9fc1-2cc85a94982f,f9a2af75-5b9e-4b1e-9f5e-1ca05bc68930,,1caad39c-ccee-4a64-a2b5-707ba95e26bb,26122212-99bf-4b25-b32a-127b8ee1e62c,,,d2ca8efe-b796-4a42-9c89-1e5660d0cae8
behavior_781166_2025-05-15_14-20-51,2,1,1,1,,84d1c8ff-d5f8-48bd-bb16-dc98fc8c9786,cdd974b2-7934-42cb-aedb-e6d65791678d,,93b77e5a-ba9f-4a92-ad49-d0e873f2a7a8,4b3ac54c-42f0-435a-93bb-b479178eb08d,,,d2ca8efe-b796-4a42-9c89-1e5660d0cae8
behavior_781166_2025-05-16_14-16-34,2,1,1,1,,cf507273-9d66-40d2-b3b4-1222c2138975,5363fef5-75d8-40d2-9e92-0015bbce033d,,41cef6b3-e3ce-4695-b923-6cd1b064faaf,8b519ef4-3996-43e3-8c59-cb4c45c086ec,,,d2ca8efe-b796-4a42-9c89-1e5660d0cae8
behavior_785956_2025-05-20_14-15-19,2,1,-1,1,,4b1aa86e-032c-4fe2-bda5-622a06b5613a,2ecfbc7e-cf6e-4dc5-8886-bf4e97560459,,c01855b6-49aa-4c59-a23d-7592f9348e1a,93fbbafc-5963-41ff-a0c5-83c54aae5257,,,35ac77ae-aaef-4ce6-a4e0-0b9dea6f7cdb
behavior_785956_2025-05-21_13-42-02,2,1,1,1,,0fb711a1-4ea7-41bf-aaa9-69861f3b3206,dcd35c15-f28d-457c-9e0b-bebc951435f3,,ade1f04c-00d5-4e89-8bcb-c7f5f2337cea,39900a0e-726a-4087-9072-4c4a45e15e13,,,35ac77ae-aaef-4ce6-a4e0-0b9dea6f7cdb
behavior_785956_2025-05-23_13-45-21,2,1,-1,1,,47ab0aeb-013b-4c9f-89e5-965c1005a5a4,5a56bd2b-4ad6-41a0-ac13-72b59426c21c,,a1236937-50c7-4c9b-b55d-94d3edbedb1a,19d0a2b8-0dd6-450d-bf7a-ef5b54769e25,,,35ac77ae-aaef-4ce6-a4e0-0b9dea6f7cdb
behavior_784806_2025-06-17_14-59-23,2,0,-1,1,,d8eb6cfe-d8af-4bf9-a384-909ce651a8b5,1add4509-a053-40da-874a-f05d7e182820,,,,,,
behavior_784806_2025-06-18_13-39-50,2,1,1,1,not uploaded,,,,,,,,
behavior_784806_2025-06-20_13-39-16,2,1,1,1,not uploaded,,,,,,,,
behavior_791691_2025-06-24_13-21-29,2,1,-1,1,,111342a3-b011-455f-b058-e5de3fd132b3,765ed17e-99e0-46a1-861c-e8bd6ee7c256,,,,,,
behavior_791691_2025-06-25_14-06-10,2,1,-1,1,,c1d7c7af-7183-4ccd-baa4-2cefd6f877a6,0173b68a-1438-4e77-b44b-1d133af4247e,,,,,,
behavior_791691_2025-06-26_13-39-26,2,1,1,1,,74177a0b-fb0e-449f-b23d-0e7cbb281866,c2f723d9-c021-4298-a92b-9561b0785653,,,,,,
behavior_791691_2025-06-27_13-54-30,2,1,1,1,,353fb0f0-d70f-4efd-8ae2-e14ca36cccf1,82d78496-25ff-40b4-8671-b308f815f473,,,,,,
behavior_784803_2025-07-01_13-58-26,2,1,-1,1,,011b03cd-0adb-403d-a0b9-1cfd0ab2b630,4b6243f9-ea88-4f8b-a2c5-df664969ed64,,,,,,
behavior_784803_2025-07-02_13-41-41,2,1,-1,1,,6d95a3b7-0e7c-488d-b249-cb2f83fb0307,cb338e1a-756d-4d6d-9875-d21fe043c9d1,,,,,,
behavior_784803_2025-07-03,2,1,,1,not uploaded,,,,,,,,
